{"cameraMode":{"drawMode":0,"name":"Shaded","section":"Shading Mode"},"sceneLighting":true,"audioPlay":false,"sceneViewState":{"showFog":true,"showMaterialUpdate":false,"showSkybox":true,"showFlares":true,"showImageEffects":true,"showParticleSystems":true},"in2DMode":false,"pivot":{"x":-0.167949378490448,"y":1.295548677444458,"z":-1.1281464099884034},"rotation":{"x":-0.4123917818069458,"y":0.1398577094078064,"z":-0.06419606506824494,"w":-0.8980017304420471},"size":0.4379045069217682,"orthographic":true}