{"cameraMode":{"drawMode":0,"name":"Shaded","section":"Shading Mode"},"sceneLighting":false,"audioPlay":false,"sceneViewState":{"showFog":true,"showMaterialUpdate":false,"showSkybox":false,"showFlares":true,"showImageEffects":true,"showParticleSystems":true},"in2DMode":false,"pivot":{"x":0.4199998378753662,"y":-0.003937499597668648,"z":-2.3077497482299806},"rotation":{"x":-0.5606073141098023,"y":0.029796816408634187,"z":-0.020174527540802957,"w":-0.8273991942405701},"size":3.6793999671936037,"orthographic":true}