{"cameraMode":{"drawMode":0,"name":"Shaded","section":"Shading Mode"},"sceneLighting":true,"audioPlay":false,"sceneViewState":{"showFog":false,"showMaterialUpdate":false,"showSkybox":false,"showFlares":false,"showImageEffects":false,"showParticleSystems":false},"in2DMode":false,"pivot":{"x":0.19735336303710938,"y":1.8399658203125,"z":-1.056488037109375},"rotation":{"x":-0.5255264639854431,"y":0.02299187146127224,"z":-0.014133041724562645,"w":-0.8504547476768494},"size":0.5156477689743042,"orthographic":true}