{"cameraMode":{"drawMode":0,"name":"Shaded","section":"Shading Mode"},"sceneLighting":false,"audioPlay":false,"sceneViewState":{"showFog":true,"showMaterialUpdate":false,"showSkybox":false,"showFlares":true,"showImageEffects":true,"showParticleSystems":true},"in2DMode":false,"pivot":{"x":4.3849992752075199,"y":0.5838000178337097,"z":-2.3399999141693117},"rotation":{"x":-0.2777043879032135,"y":0.22222115099430085,"z":-0.06618085503578186,"w":-0.9322904944419861},"size":0.9683669209480286,"orthographic":true}